id,tag
1,Tresom
2,Y-Solowarm
3,Stronghold
4,Y-find
5,Alphazap
6,Cardify
7,Flowdesk
8,Aerified
9,Span
10,Greenlam
11,Job
12,Stim
13,Latlux
14,Home Ing
15,Voyatouch
16,Alpha
17,Wrapsafe
18,Span
19,Quo Lux
20,Kanlam
21,Quo Lux
22,Namfix
23,Flexidy
24,Solarbreeze
25,Hatity
26,Fintone
27,Zathin
28,Solarbreeze
29,Tresom
30,Flowdesk
31,Asoka
32,Domainer
33,Latlux
34,Biodex
35,Temp
36,Keylex
37,Andalax
38,Solarbreeze
39,Holdlamis
40,Sub-Ex
41,Viva
42,Bitwolf
43,Alphazap
44,Latlux
45,Bamity
46,Alphazap
47,Sonair
48,Holdlamis
49,Y-find
50,Alpha
51,Namfix
52,Cardguard
53,Treeflex
54,Keylex
55,Overhold
56,Namfix
57,Sonsing
58,Tin
59,Treeflex
60,Vagram
61,Solarbreeze
62,Subin
63,Keylex
64,Viva
65,Ventosanzap
66,Holdlamis
67,Latlux
68,Stringtough
69,Veribet
70,Tres-Zap
71,Toughjoyfax
72,Namfix
73,Flexidy
74,Y-Solowarm
75,Tresom
76,Vagram
77,Job
78,Treeflex
79,Cardguard
80,Sub-Ex
81,Prodder
82,Fix San
83,Subin
84,Zamit
85,Redhold
86,Alphazap
87,Transcof
88,It
89,Stronghold
90,Wrapsafe
91,Fix San
92,Namfix
93,Greenlam
94,Bitwolf
95,Home Ing
96,It
97,Zoolab
98,Redhold
99,Prodder
100,Subin
101,Biodex
102,Voyatouch
103,Tresom
104,Andalax
105,Job
106,Lotstring
107,Cookley
108,Bamity
109,Voltsillam
110,Rank
111,Ronstring
112,Konklab
113,Transcof
114,Tin
115,Rank
116,Ronstring
117,Daltfresh
118,Hatity
119,Vagram
120,Transcof
121,Vagram
122,Regrant
123,Temp
124,Cardguard
125,Tampflex
126,It
127,Ronstring
128,Temp
129,Home Ing
130,Quo Lux
131,Duobam
132,Home Ing
133,Redhold
134,Holdlamis
135,Keylex
136,Cookley
137,Fixflex
138,Y-find
139,Bytecard
140,Asoka
141,Fixflex
142,Rank
143,Temp
144,Opela
145,Asoka
146,Duobam
147,Konklab
148,Bytecard
149,Konklux
150,Gembucket
151,Rank
152,Cardify
153,Stronghold
154,Voltsillam
155,Gembucket
156,Biodex
157,Span
158,Zathin
159,Y-Solowarm
160,Zaam-Dox
161,Cardify
162,Holdlamis
163,Keylex
164,Tresom
165,Domainer
166,Alpha
167,Konklab
168,Ronstring
169,Aerified
170,Zathin
171,Treeflex
172,Regrant
173,Hatity
174,Zontrax
175,Stim
176,Hatity
177,Biodex
178,Sub-Ex
179,Vagram
180,Matsoft
181,Aerified
182,Duobam
183,Span
184,Domainer
185,Holdlamis
186,Stringtough
187,Overhold
188,Hatity
189,Quo Lux
190,Tin
191,Tresom
192,Sonair
193,Kanlam
194,Zaam-Dox
195,Holdlamis
196,Asoka
197,Job
198,Trippledex
199,Lotlux
200,Trippledex
201,Zoolab
202,Redhold
203,Flexidy
204,Flowdesk
205,Tres-Zap
206,Prodder
207,Stronghold
208,Opela
209,Asoka
210,Alpha
211,Latlux
212,Cardguard
213,Asoka
214,Lotstring
215,Cookley
216,Home Ing
217,Stringtough
218,Zamit
219,Temp
220,Zontrax
221,Domainer
222,Stringtough
223,Cookley
224,Subin
225,Lotlux
226,Stronghold
227,Flexidy
228,Kanlam
229,Domainer
230,Zoolab
231,Zamit
232,Y-Solowarm
233,Y-Solowarm
234,Temp
235,It
236,Flexidy
237,Tres-Zap
238,Bitwolf
239,Pannier
240,Voyatouch
241,Flowdesk
242,Flexidy
243,Andalax
244,Pannier
245,Gembucket
246,Span
247,Tampflex
248,Sonair
249,Quo Lux
250,Konklux
251,Bitwolf
252,Aerified
253,Zaam-Dox
254,Namfix
255,Job
256,Vagram
257,Overhold
258,Tampflex
259,Zamit
260,Fixflex
261,Matsoft
262,Andalax
263,Zathin
264,Cardify
265,Redhold
266,Biodex
267,Veribet
268,Tin
269,Tin
270,Tampflex
271,Bytecard
272,Y-Solowarm
273,Fintone
274,Veribet
275,Latlux
276,Y-Solowarm
277,Span
278,Aerified
279,Y-find
280,Keylex
281,Subin
282,Sonsing
283,Ventosanzap
284,Lotstring
285,Zaam-Dox
286,Zontrax
287,Hatity
288,Holdlamis
289,Alpha
290,Tresom
291,Alpha
292,Konklux
293,Aerified
294,Regrant
295,Andalax
296,Bytecard
297,Matsoft
298,Job
299,Wrapsafe
300,Tampflex
301,Bytecard
302,Vagram
303,Regrant
304,Aerified
305,Toughjoyfax
306,Cardify
307,Namfix
308,Wrapsafe
309,Voyatouch
310,Andalax
311,Konklab
312,Zaam-Dox
313,Andalax
314,Sub-Ex
315,Y-Solowarm
316,Bigtax
317,Aerified
318,Viva
319,Bigtax
320,Bamity
321,Konklux
322,Aerified
323,Span
324,Subin
325,Zaam-Dox
326,Namfix
327,Bamity
328,Zontrax
329,Lotlux
330,Veribet
331,Solarbreeze
332,Duobam
333,Duobam
334,Alphazap
335,Bitwolf
336,Cookley
337,Domainer
338,Home Ing
339,Stim
340,Kanlam
341,Tresom
342,Veribet
343,Lotstring
344,Regrant
345,Aerified
346,Cookley
347,Sonair
348,Treeflex
349,Fix San
350,Span
351,Ronstring
352,Pannier
353,Job
354,Alpha
355,Voltsillam
356,Zaam-Dox
357,Asoka
358,Bigtax
359,Bytecard
360,Voyatouch
361,Opela
362,Bitchip
363,Cardify
364,Stronghold
365,Bamity
366,Temp
367,Fix San
368,Voltsillam
369,Home Ing
370,Home Ing
371,Zontrax
372,Cardguard
373,Zaam-Dox
374,Viva
375,Stronghold
376,Stringtough
377,Bitchip
378,Flexidy
379,Subin
380,Tampflex
381,Cardify
382,Redhold
383,Zoolab
384,Duobam
385,Andalax
386,Lotlux
387,Holdlamis
388,Bitwolf
389,Lotstring
390,Zaam-Dox
391,Cardguard
392,Alphazap
393,Mat Lam Tam
394,Andalax
395,Aerified
396,Gembucket
397,Tres-Zap
398,Namfix
399,Keylex
400,Biodex
401,Sub-Ex
402,Stringtough
403,Sonair
404,Veribet
405,Zathin
406,Latlux
407,Zontrax
408,Konklab
409,Greenlam
410,Bigtax
411,Mat Lam Tam
412,Konklux
413,Wrapsafe
414,Keylex
415,Fix San
416,Konklab
417,Zoolab
418,Job
419,Voyatouch
420,Wrapsafe
421,Duobam
422,Stronghold
423,Flexidy
424,Ventosanzap
425,Cardify
426,Veribet
427,Keylex
428,Regrant
429,Alphazap
430,Stronghold
431,Wrapsafe
432,Veribet
433,Holdlamis
434,Stringtough
435,Y-Solowarm
436,Stim
437,Transcof
438,Treeflex
439,Home Ing
440,Pannier
441,Zontrax
442,Bitchip
443,Alpha
444,Flowdesk
445,Flexidy
446,Zamit
447,Fix San
448,Zamit
449,Cardify
450,Opela
451,Tampflex
452,Trippledex
453,Tresom
454,Aerified
455,Solarbreeze
456,Bitwolf
457,Asoka
458,Zamit
459,Stim
460,Matsoft
461,Lotlux
462,Daltfresh
463,Veribet
464,Fixflex
465,Duobam
466,Bitwolf
467,Bigtax
468,Span
469,Bigtax
470,Quo Lux
471,Kanlam
472,Keylex
473,Home Ing
474,Temp
475,Namfix
476,Bamity
477,Transcof
478,Bitwolf
479,Kanlam
480,Sub-Ex
481,Opela
482,Flowdesk
483,Stim
484,Fintone
485,Flexidy
486,Sonair
487,Matsoft
488,Voltsillam
489,Sub-Ex
490,Konklab
491,Duobam
492,Lotstring
493,Treeflex
494,Daltfresh
495,Toughjoyfax
496,Zamit
497,Asoka
498,Viva
499,Cookley
500,Stim
501,Zaam-Dox
502,Bamity
503,Tampflex
504,Rank
505,Lotstring
506,Tin
507,Home Ing
508,Greenlam
509,Asoka
510,Ventosanzap
511,Tresom
512,Vagram
513,Transcof
514,Aerified
515,Redhold
516,Alphazap
517,Redhold
518,Gembucket
519,Temp
520,Opela
521,Zoolab
522,Ronstring
523,Trippledex
524,Opela
525,Daltfresh
526,Konklux
527,Matsoft
528,Bigtax
529,Konklux
530,Duobam
531,Opela
532,Keylex
533,Greenlam
534,Tresom
535,Tempsoft
536,Subin
537,Treeflex
538,Treeflex
539,Ronstring
540,Cardguard
541,Temp
542,Y-find
543,Tampflex
544,Y-find
545,Zamit
546,Holdlamis
547,Zathin
548,Sub-Ex
549,Cookley
550,Flexidy
551,Sub-Ex
552,Duobam
553,Y-Solowarm
554,Y-Solowarm
555,Home Ing
556,Zaam-Dox
557,Bitwolf
558,Holdlamis
559,Zaam-Dox
560,Flexidy
561,Zathin
562,Prodder
563,Duobam
564,Zoolab
565,Quo Lux
566,Matsoft
567,Bigtax
568,Prodder
569,Mat Lam Tam
570,Quo Lux
571,Trippledex
572,Trippledex
573,Lotlux
574,Ronstring
575,Home Ing
576,Greenlam
577,Matsoft
578,Home Ing
579,Zoolab
580,Bigtax
581,Gembucket
582,Cardify
583,Sub-Ex
584,Ronstring
585,Aerified
586,Bigtax
587,Cardify
588,Hatity
589,Transcof
590,Bytecard
591,Zoolab
592,Stim
593,Flowdesk
594,Holdlamis
595,Bitwolf
596,Home Ing
597,Viva
598,Home Ing
599,Zathin
600,Wrapsafe
601,Biodex
602,Solarbreeze
603,Treeflex
604,It
605,Kanlam
606,Sonair
607,Tempsoft
608,Subin
609,Toughjoyfax
610,Bitchip
611,Stronghold
612,Aerified
613,Wrapsafe
614,Ronstring
615,Prodder
616,Keylex
617,Pannier
618,Stringtough
619,Flexidy
620,Opela
621,Home Ing
622,Fix San
623,Overhold
624,Aerified
625,Flexidy
626,Tresom
627,Voltsillam
628,Span
629,Zamit
630,Flexidy
631,Tres-Zap
632,Tin
633,Cardify
634,Span
635,Tresom
636,Toughjoyfax
637,Stringtough
638,Konklux
639,Aerified
640,Solarbreeze
641,Sub-Ex
642,Zontrax
643,Job
644,Alpha
645,Tres-Zap
646,Greenlam
647,Cardify
648,Kanlam
649,Tempsoft
650,Alpha
651,Temp
652,Matsoft
653,Konklux
654,Treeflex
655,Y-find
656,Cookley
657,Fixflex
658,Wrapsafe
659,Bitchip
660,Hatity
661,Vagram
662,Otcom
663,Bitwolf
664,Treeflex
665,Sonsing
666,Subin
667,Daltfresh
668,Opela
669,Asoka
670,Mat Lam Tam
671,Tresom
672,Tampflex
673,Job
674,Zontrax
675,Alpha
676,Stringtough
677,Sub-Ex
678,Cardguard
679,Quo Lux
680,Tempsoft
681,Andalax
682,Keylex
683,Greenlam
684,Tresom
685,Bitwolf
686,Fix San
687,Job
688,Flexidy
689,Stronghold
690,Vagram
691,Cardify
692,Pannier
693,Trippledex
694,Subin
695,Regrant
696,Duobam
697,Zamit
698,Bitwolf
699,Gembucket
700,Andalax
701,Span
702,Holdlamis
703,Toughjoyfax
704,Keylex
705,Regrant
706,Bitwolf
707,Treeflex
708,Hatity
709,Opela
710,Tres-Zap
711,Bytecard
712,Bitchip
713,Overhold
714,Fixflex
715,Keylex
716,Vagram
717,It
718,Tresom
719,Bitchip
720,Cardguard
721,Duobam
722,Gembucket
723,Y-Solowarm
724,Quo Lux
725,Fixflex
726,Cardguard
727,Zoolab
728,Flexidy
729,Stim
730,Overhold
731,Zamit
732,Keylex
733,Span
734,Daltfresh
735,Tin
736,Bigtax
737,Span
738,Flexidy
739,Bitwolf
740,Bamity
741,Kanlam
742,Veribet
743,Treeflex
744,Zontrax
745,Alpha
746,Zoolab
747,Cardguard
748,Sonair
749,Duobam
750,Greenlam
751,Home Ing
752,Lotlux
753,Flexidy
754,Fix San
755,Bitchip
756,Tin
757,Tin
758,Quo Lux
759,Gembucket
760,Flowdesk
761,Span
762,Andalax
763,Tampflex
764,Bytecard
765,Tempsoft
766,Aerified
767,Latlux
768,Trippledex
769,Tres-Zap
770,Asoka
771,Kanlam
772,Alphazap
773,Alphazap
774,Pannier
775,Zontrax
776,Zoolab
777,Y-find
778,Vagram
779,Konklux
780,Konklab
781,Redhold
782,Matsoft
783,Quo Lux
784,Daltfresh
785,Asoka
786,Pannier
787,Stronghold
788,Transcof
789,Alpha
790,Bytecard
791,Sonsing
792,Voltsillam
793,Zoolab
794,Viva
795,Konklab
796,Otcom
797,Lotlux
798,Voltsillam
799,Wrapsafe
800,Ventosanzap
801,Subin
802,Keylex
803,Voyatouch
804,Pannier
805,Bitwolf
806,Zathin
807,Zamit
808,Duobam
809,It
810,Zamit
811,Stronghold
812,Veribet
813,Bigtax
814,It
815,Zaam-Dox
816,Zoolab
817,Tampflex
818,Ronstring
819,Konklux
820,Cardguard
821,Fintone
822,Treeflex
823,Stim
824,Hatity
825,Cardguard
826,Ronstring
827,Gembucket
828,Otcom
829,Fix San
830,Bamity
831,Zamit
832,Alpha
833,Flowdesk
834,Job
835,Flowdesk
836,Voltsillam
837,Prodder
838,Otcom
839,Konklux
840,Redhold
841,Cookley
842,Aerified
843,Job
844,Fixflex
845,Prodder
846,Cookley
847,Bigtax
848,Opela
849,Vagram
850,Tin
851,Zoolab
852,Cardify
853,Bitwolf
854,Lotlux
855,Holdlamis
856,Keylex
857,Trippledex
858,Temp
859,Holdlamis
860,Hatity
861,Sub-Ex
862,Flexidy
863,Bitwolf
864,Zathin
865,Vagram
866,Prodder
867,Zaam-Dox
868,Sub-Ex
869,Sonair
870,Zaam-Dox
871,It
872,Cookley
873,Tresom
874,Tampflex
875,Flexidy
876,Keylex
877,Quo Lux
878,Prodder
879,Redhold
880,Keylex
881,Treeflex
882,Kanlam
883,Quo Lux
884,Gembucket
885,Treeflex
886,Trippledex
887,Sonsing
888,Asoka
889,Opela
890,Veribet
891,Quo Lux
892,Stim
893,Tres-Zap
894,It
895,Latlux
896,Zaam-Dox
897,Sonsing
898,Namfix
899,Ronstring
900,Gembucket
901,Bitwolf
902,Voyatouch
903,Overhold
904,Quo Lux
905,Stronghold
906,Redhold
907,Job
908,Ventosanzap
909,Rank
910,Alpha
911,Home Ing
912,Sub-Ex
913,Voltsillam
914,Ronstring
915,Veribet
916,Lotlux
917,Opela
918,Keylex
919,Konklux
920,Zaam-Dox
921,Zaam-Dox
922,Span
923,Asoka
924,Stim
925,Redhold
926,Toughjoyfax
927,Lotstring
928,Wrapsafe
929,Ventosanzap
930,Quo Lux
931,Otcom
932,Domainer
933,Trippledex
934,Bytecard
935,Tres-Zap
936,Cardify
937,Y-Solowarm
938,Job
939,Prodder
940,Stringtough
941,Flowdesk
942,Otcom
943,Subin
944,Pannier
945,Pannier
946,Rank
947,Lotstring
948,Stim
949,Solarbreeze
950,Solarbreeze
951,Bitwolf
952,Alpha
953,Mat Lam Tam
954,Zoolab
955,It
956,Cookley
957,Flowdesk
958,Span
959,Tampflex
960,Toughjoyfax
961,Cookley
962,Greenlam
963,Toughjoyfax
964,Latlux
965,Lotlux
966,Transcof
967,Fintone
968,Redhold
969,Y-find
970,Latlux
971,Konklux
972,Opela
973,Zaam-Dox
974,Treeflex
975,Tampflex
976,Zontrax
977,Zoolab
978,Mat Lam Tam
979,Matsoft
980,Veribet
981,Regrant
982,Greenlam
983,Temp
984,Viva
985,Overhold
986,Y-find
987,Tresom
988,Konklux
989,Stim
990,Voyatouch
991,Matsoft
992,Voyatouch
993,Otcom
994,Matsoft
995,Zontrax
996,Holdlamis
997,Hatity
998,Y-find
999,Span
1000,Sub-Ex
